timestamp,gpu_id,node,model,temperature,power_w,utilization,frequency,cooling,job_status,energy_efficiency_gflops_w,scenario_tag
2026-10-01T12:00:00Z,GPU-01,node-01,NVIDIA H100 PCIe (Simulada),64.1,332.8,67.5,1757,50.0,AI_INFERENCE_BATCH,3.04,NORMAL
2026-10-01T12:00:00Z,GPU-02,node-01,NVIDIA H100 PCIe (Simulada),59.8,411.5,72.9,1808,48.4,AI_INFERENCE_BATCH,2.66,NORMAL
2026-10-01T12:00:00Z,GPU-03,node-01,NVIDIA H100 PCIe (Simulada),59.7,355.6,74.0,1843,50.8,AI_INFERENCE_BATCH,3.12,NORMAL
2026-10-01T12:00:00Z,GPU-04,node-01,NVIDIA H100 PCIe (Simulada),58.0,380.0,14.0,1950,42.0,IDLE_STALLED,0.55,AHORRO
2026-10-01T12:00:00Z,GPU-05,node-02,NVIDIA H100 PCIe (Simulada),64.2,389.9,66.4,1850,51.9,AI_INFERENCE_BATCH,2.55,NORMAL
2026-10-01T12:00:00Z,GPU-06,node-02,NVIDIA H100 PCIe (Simulada),66.0,413.5,65.2,1808,52.8,AI_INFERENCE_BATCH,2.37,NORMAL
2026-10-01T12:00:00Z,GPU-07,node-02,NVIDIA H100 PCIe (Simulada),89.0,720.0,97.0,2100,95.0,TRAINING_AI_LLM,2.02,PROTECCION
2026-10-01T12:00:00Z,GPU-08,node-02,NVIDIA H100 PCIe (Simulada),60.2,435.3,68.7,1723,53.3,AI_INFERENCE_BATCH,2.37,NORMAL
2026-10-01T12:00:00Z,GPU-09,node-03,NVIDIA H100 PCIe (Simulada),61.9,367.8,67.3,1711,58.2,AI_INFERENCE_BATCH,2.74,NORMAL
2026-10-01T12:00:00Z,GPU-10,node-03,NVIDIA H100 PCIe (Simulada),63.3,437.0,69.6,1841,52.1,AI_INFERENCE_BATCH,2.39,NORMAL
2026-10-01T12:00:00Z,GPU-11,node-03,NVIDIA H100 PCIe (Simulada),55.0,360.0,18.0,1900,42.0,IDLE_STALLED,0.75,AHORRO
2026-10-01T12:00:00Z,GPU-12,node-03,NVIDIA H100 PCIe (Simulada),150.0,10.0,0.0,1200,0.0,ANOMALOUS_SENSOR,0.0,ANOMALIA
2026-10-01T12:00:00Z,GPU-13,node-04,NVIDIA H100 PCIe (Simulada),,-45.0,108.0,1400,50.0,CORRUPTED_STREAM,0.0,ANOMALIA
2026-10-01T12:00:00Z,GPU-14,node-04,NVIDIA H100 PCIe (Simulada),92.5,745.0,99.0,2150,95.0,TRAINING_AI_LLM,1.99,PROTECCION
2026-10-01T12:00:00Z,GPU-15,node-04,NVIDIA H100 PCIe (Simulada),64.0,427.4,69.2,1749,57.9,AI_INFERENCE_BATCH,2.43,NORMAL
2026-10-01T12:00:00Z,GPU-16,node-04,NVIDIA H100 PCIe (Simulada),59.4,355.1,67.8,1720,60.0,AI_INFERENCE_BATCH,2.86,NORMAL
2026-10-01T12:01:00Z,GPU-01,node-01,NVIDIA H100 PCIe (Simulada),59.3,406.6,64.9,1818,53.2,AI_INFERENCE_BATCH,2.39,NORMAL
2026-10-01T12:01:00Z,GPU-02,node-01,NVIDIA H100 PCIe (Simulada),64.6,340.6,74.0,1704,55.2,AI_INFERENCE_BATCH,3.26,NORMAL
2026-10-01T12:01:00Z,GPU-03,node-01,NVIDIA H100 PCIe (Simulada),63.6,398.7,80.9,1811,53.5,AI_INFERENCE_BATCH,3.04,NORMAL
2026-10-01T12:01:00Z,GPU-04,node-01,NVIDIA H100 PCIe (Simulada),58.0,380.0,14.0,1950,42.0,IDLE_STALLED,0.55,AHORRO
2026-10-01T12:01:00Z,GPU-05,node-02,NVIDIA H100 PCIe (Simulada),59.5,341.8,64.5,1739,49.3,AI_INFERENCE_BATCH,2.83,NORMAL
2026-10-01T12:01:00Z,GPU-06,node-02,NVIDIA H100 PCIe (Simulada),63.1,384.6,77.4,1829,51.8,AI_INFERENCE_BATCH,3.02,NORMAL
2026-10-01T12:01:00Z,GPU-07,node-02,NVIDIA H100 PCIe (Simulada),89.0,720.0,97.0,2100,95.0,TRAINING_AI_LLM,2.02,PROTECCION
2026-10-01T12:01:00Z,GPU-08,node-02,NVIDIA H100 PCIe (Simulada),60.5,337.0,73.6,1747,61.2,AI_INFERENCE_BATCH,3.28,NORMAL
2026-10-01T12:01:00Z,GPU-09,node-03,NVIDIA H100 PCIe (Simulada),65.7,362.6,79.8,1833,56.7,AI_INFERENCE_BATCH,3.3,NORMAL
2026-10-01T12:01:00Z,GPU-10,node-03,NVIDIA H100 PCIe (Simulada),66.9,419.5,75.1,1715,49.3,AI_INFERENCE_BATCH,2.69,NORMAL
2026-10-01T12:01:00Z,GPU-11,node-03,NVIDIA H100 PCIe (Simulada),55.0,360.0,18.0,1900,42.0,IDLE_STALLED,0.75,AHORRO
2026-10-01T12:01:00Z,GPU-12,node-03,NVIDIA H100 PCIe (Simulada),150.0,10.0,0.0,1200,0.0,ANOMALOUS_SENSOR,0.0,ANOMALIA
2026-10-01T12:01:00Z,GPU-13,node-04,NVIDIA H100 PCIe (Simulada),,-45.0,108.0,1400,50.0,CORRUPTED_STREAM,0.0,ANOMALIA
2026-10-01T12:01:00Z,GPU-14,node-04,NVIDIA H100 PCIe (Simulada),92.5,745.0,99.0,2150,95.0,TRAINING_AI_LLM,1.99,PROTECCION
2026-10-01T12:01:00Z,GPU-15,node-04,NVIDIA H100 PCIe (Simulada),64.0,416.6,80.0,1784,52.6,AI_INFERENCE_BATCH,2.88,NORMAL
2026-10-01T12:01:00Z,GPU-16,node-04,NVIDIA H100 PCIe (Simulada),64.3,378.3,64.5,1720,58.9,AI_INFERENCE_BATCH,2.56,NORMAL
2026-10-01T12:02:00Z,GPU-01,node-01,NVIDIA H100 PCIe (Simulada),62.3,389.6,79.2,1745,53.3,AI_INFERENCE_BATCH,3.05,NORMAL
2026-10-01T12:02:00Z,GPU-02,node-01,NVIDIA H100 PCIe (Simulada),61.3,354.7,73.4,1725,50.2,AI_INFERENCE_BATCH,3.1,NORMAL
2026-10-01T12:02:00Z,GPU-03,node-01,NVIDIA H100 PCIe (Simulada),63.1,438.8,75.9,1796,56.3,AI_INFERENCE_BATCH,2.59,NORMAL
2026-10-01T12:02:00Z,GPU-04,node-01,NVIDIA H100 PCIe (Simulada),58.0,380.0,14.0,1950,42.0,IDLE_STALLED,0.55,AHORRO
2026-10-01T12:02:00Z,GPU-05,node-02,NVIDIA H100 PCIe (Simulada),65.1,403.7,69.2,1786,59.8,AI_INFERENCE_BATCH,2.57,NORMAL
2026-10-01T12:02:00Z,GPU-06,node-02,NVIDIA H100 PCIe (Simulada),63.9,342.3,63.4,1724,51.8,AI_INFERENCE_BATCH,2.78,NORMAL
2026-10-01T12:02:00Z,GPU-07,node-02,NVIDIA H100 PCIe (Simulada),89.0,720.0,97.0,2100,95.0,TRAINING_AI_LLM,2.02,PROTECCION
2026-10-01T12:02:00Z,GPU-08,node-02,NVIDIA H100 PCIe (Simulada),61.5,433.7,78.4,1774,48.5,AI_INFERENCE_BATCH,2.71,NORMAL
2026-10-01T12:02:00Z,GPU-09,node-03,NVIDIA H100 PCIe (Simulada),62.1,382.5,80.3,1748,49.8,AI_INFERENCE_BATCH,3.15,NORMAL
2026-10-01T12:02:00Z,GPU-10,node-03,NVIDIA H100 PCIe (Simulada),65.0,415.4,62.9,1811,57.9,AI_INFERENCE_BATCH,2.27,NORMAL
2026-10-01T12:02:00Z,GPU-11,node-03,NVIDIA H100 PCIe (Simulada),55.0,360.0,18.0,1900,42.0,IDLE_STALLED,0.75,AHORRO
2026-10-01T12:02:00Z,GPU-12,node-03,NVIDIA H100 PCIe (Simulada),150.0,10.0,0.0,1200,0.0,ANOMALOUS_SENSOR,0.0,ANOMALIA
2026-10-01T12:02:00Z,GPU-13,node-04,NVIDIA H100 PCIe (Simulada),,-45.0,108.0,1400,50.0,CORRUPTED_STREAM,0.0,ANOMALIA
2026-10-01T12:02:00Z,GPU-14,node-04,NVIDIA H100 PCIe (Simulada),92.5,745.0,99.0,2150,95.0,TRAINING_AI_LLM,1.99,PROTECCION
2026-10-01T12:02:00Z,GPU-15,node-04,NVIDIA H100 PCIe (Simulada),64.9,406.4,78.9,1784,53.2,AI_INFERENCE_BATCH,2.91,NORMAL
2026-10-01T12:02:00Z,GPU-16,node-04,NVIDIA H100 PCIe (Simulada),62.8,379.9,78.0,1738,51.3,AI_INFERENCE_BATCH,3.08,NORMAL
2026-10-01T12:03:00Z,GPU-01,node-01,NVIDIA H100 PCIe (Simulada),61.2,383.7,63.6,1786,48.3,AI_INFERENCE_BATCH,2.49,NORMAL
2026-10-01T12:03:00Z,GPU-02,node-01,NVIDIA H100 PCIe (Simulada),62.9,342.6,78.2,1779,60.0,AI_INFERENCE_BATCH,3.42,NORMAL
2026-10-01T12:03:00Z,GPU-03,node-01,NVIDIA H100 PCIe (Simulada),64.2,428.9,63.3,1769,59.1,AI_INFERENCE_BATCH,2.21,NORMAL
2026-10-01T12:03:00Z,GPU-04,node-01,NVIDIA H100 PCIe (Simulada),58.0,380.0,14.0,1950,42.0,IDLE_STALLED,0.55,AHORRO
2026-10-01T12:03:00Z,GPU-05,node-02,NVIDIA H100 PCIe (Simulada),64.9,353.2,79.0,1809,49.0,AI_INFERENCE_BATCH,3.36,NORMAL
2026-10-01T12:03:00Z,GPU-06,node-02,NVIDIA H100 PCIe (Simulada),62.3,407.0,80.5,1744,52.5,AI_INFERENCE_BATCH,2.97,NORMAL
2026-10-01T12:03:00Z,GPU-07,node-02,NVIDIA H100 PCIe (Simulada),89.0,720.0,97.0,2100,95.0,TRAINING_AI_LLM,2.02,PROTECCION
2026-10-01T12:03:00Z,GPU-08,node-02,NVIDIA H100 PCIe (Simulada),61.9,409.8,68.4,1805,49.3,AI_INFERENCE_BATCH,2.5,NORMAL
2026-10-01T12:03:00Z,GPU-09,node-03,NVIDIA H100 PCIe (Simulada),65.0,364.9,69.7,1835,57.3,AI_INFERENCE_BATCH,2.87,NORMAL
2026-10-01T12:03:00Z,GPU-10,node-03,NVIDIA H100 PCIe (Simulada),65.9,410.5,78.2,1765,56.3,AI_INFERENCE_BATCH,2.86,NORMAL
2026-10-01T12:03:00Z,GPU-11,node-03,NVIDIA H100 PCIe (Simulada),55.0,360.0,18.0,1900,42.0,IDLE_STALLED,0.75,AHORRO
2026-10-01T12:03:00Z,GPU-12,node-03,NVIDIA H100 PCIe (Simulada),150.0,10.0,0.0,1200,0.0,ANOMALOUS_SENSOR,0.0,ANOMALIA
2026-10-01T12:03:00Z,GPU-13,node-04,NVIDIA H100 PCIe (Simulada),,-45.0,108.0,1400,50.0,CORRUPTED_STREAM,0.0,ANOMALIA
2026-10-01T12:03:00Z,GPU-14,node-04,NVIDIA H100 PCIe (Simulada),92.5,745.0,99.0,2150,95.0,TRAINING_AI_LLM,1.99,PROTECCION
2026-10-01T12:03:00Z,GPU-15,node-04,NVIDIA H100 PCIe (Simulada),59.5,430.1,80.2,1789,50.2,AI_INFERENCE_BATCH,2.8,NORMAL
2026-10-01T12:03:00Z,GPU-16,node-04,NVIDIA H100 PCIe (Simulada),65.3,357.5,76.2,1808,52.1,AI_INFERENCE_BATCH,3.2,NORMAL
2026-10-01T12:04:00Z,GPU-01,node-01,NVIDIA H100 PCIe (Simulada),66.1,374.0,73.8,1758,56.9,AI_INFERENCE_BATCH,2.96,NORMAL
2026-10-01T12:04:00Z,GPU-02,node-01,NVIDIA H100 PCIe (Simulada),60.2,389.2,78.0,1707,49.0,AI_INFERENCE_BATCH,3.01,NORMAL
2026-10-01T12:04:00Z,GPU-03,node-01,NVIDIA H100 PCIe (Simulada),61.6,420.8,78.9,1734,55.7,AI_INFERENCE_BATCH,2.81,NORMAL
2026-10-01T12:04:00Z,GPU-04,node-01,NVIDIA H100 PCIe (Simulada),58.0,380.0,14.0,1950,42.0,IDLE_STALLED,0.55,AHORRO
2026-10-01T12:04:00Z,GPU-05,node-02,NVIDIA H100 PCIe (Simulada),61.4,366.3,76.3,1723,53.6,AI_INFERENCE_BATCH,3.12,NORMAL
2026-10-01T12:04:00Z,GPU-06,node-02,NVIDIA H100 PCIe (Simulada),64.6,369.6,71.4,1719,54.4,AI_INFERENCE_BATCH,2.9,NORMAL
2026-10-01T12:04:00Z,GPU-07,node-02,NVIDIA H100 PCIe (Simulada),89.0,720.0,97.0,2100,95.0,TRAINING_AI_LLM,2.02,PROTECCION
2026-10-01T12:04:00Z,GPU-08,node-02,NVIDIA H100 PCIe (Simulada),64.6,398.1,70.7,1786,55.1,AI_INFERENCE_BATCH,2.66,NORMAL
2026-10-01T12:04:00Z,GPU-09,node-03,NVIDIA H100 PCIe (Simulada),65.2,360.3,64.1,1790,60.3,AI_INFERENCE_BATCH,2.67,NORMAL
2026-10-01T12:04:00Z,GPU-10,node-03,NVIDIA H100 PCIe (Simulada),63.9,380.6,70.1,1798,52.2,AI_INFERENCE_BATCH,2.76,NORMAL
2026-10-01T12:04:00Z,GPU-11,node-03,NVIDIA H100 PCIe (Simulada),55.0,360.0,18.0,1900,42.0,IDLE_STALLED,0.75,AHORRO
2026-10-01T12:04:00Z,GPU-12,node-03,NVIDIA H100 PCIe (Simulada),150.0,10.0,0.0,1200,0.0,ANOMALOUS_SENSOR,0.0,ANOMALIA
2026-10-01T12:04:00Z,GPU-13,node-04,NVIDIA H100 PCIe (Simulada),,-45.0,108.0,1400,50.0,CORRUPTED_STREAM,0.0,ANOMALIA
2026-10-01T12:04:00Z,GPU-14,node-04,NVIDIA H100 PCIe (Simulada),92.5,745.0,99.0,2150,95.0,TRAINING_AI_LLM,1.99,PROTECCION
2026-10-01T12:04:00Z,GPU-15,node-04,NVIDIA H100 PCIe (Simulada),65.2,352.4,64.3,1763,61.9,AI_INFERENCE_BATCH,2.74,NORMAL
2026-10-01T12:04:00Z,GPU-16,node-04,NVIDIA H100 PCIe (Simulada),64.7,407.6,68.3,1772,59.4,AI_INFERENCE_BATCH,2.51,NORMAL
2026-10-01T12:05:00Z,GPU-01,node-01,NVIDIA H100 PCIe (Simulada),61.8,377.3,71.1,1787,51.6,AI_INFERENCE_BATCH,2.83,NORMAL
2026-10-01T12:05:00Z,GPU-02,node-01,NVIDIA H100 PCIe (Simulada),62.1,397.7,77.9,1706,61.4,AI_INFERENCE_BATCH,2.94,NORMAL
2026-10-01T12:05:00Z,GPU-03,node-01,NVIDIA H100 PCIe (Simulada),59.0,433.7,77.8,1839,48.1,AI_INFERENCE_BATCH,2.69,NORMAL
2026-10-01T12:05:00Z,GPU-04,node-01,NVIDIA H100 PCIe (Simulada),58.0,380.0,14.0,1950,42.0,IDLE_STALLED,0.55,AHORRO
2026-10-01T12:05:00Z,GPU-05,node-02,NVIDIA H100 PCIe (Simulada),65.5,364.7,70.6,1760,55.3,AI_INFERENCE_BATCH,2.9,NORMAL
2026-10-01T12:05:00Z,GPU-06,node-02,NVIDIA H100 PCIe (Simulada),61.9,435.4,62.7,1795,58.0,AI_INFERENCE_BATCH,2.16,NORMAL
2026-10-01T12:05:00Z,GPU-07,node-02,NVIDIA H100 PCIe (Simulada),89.0,720.0,97.0,2100,95.0,TRAINING_AI_LLM,2.02,PROTECCION
2026-10-01T12:05:00Z,GPU-08,node-02,NVIDIA H100 PCIe (Simulada),61.8,367.6,73.5,1750,51.3,AI_INFERENCE_BATCH,3.0,NORMAL
2026-10-01T12:05:00Z,GPU-09,node-03,NVIDIA H100 PCIe (Simulada),65.7,430.6,62.7,1785,49.4,AI_INFERENCE_BATCH,2.18,NORMAL
2026-10-01T12:05:00Z,GPU-10,node-03,NVIDIA H100 PCIe (Simulada),63.6,385.9,78.3,1724,57.1,AI_INFERENCE_BATCH,3.04,NORMAL
2026-10-01T12:05:00Z,GPU-11,node-03,NVIDIA H100 PCIe (Simulada),55.0,360.0,18.0,1900,42.0,IDLE_STALLED,0.75,AHORRO
2026-10-01T12:05:00Z,GPU-12,node-03,NVIDIA H100 PCIe (Simulada),150.0,10.0,0.0,1200,0.0,ANOMALOUS_SENSOR,0.0,ANOMALIA
2026-10-01T12:05:00Z,GPU-13,node-04,NVIDIA H100 PCIe (Simulada),,-45.0,108.0,1400,50.0,CORRUPTED_STREAM,0.0,ANOMALIA
2026-10-01T12:05:00Z,GPU-14,node-04,NVIDIA H100 PCIe (Simulada),92.5,745.0,99.0,2150,95.0,TRAINING_AI_LLM,1.99,PROTECCION
2026-10-01T12:05:00Z,GPU-15,node-04,NVIDIA H100 PCIe (Simulada),66.0,432.0,78.9,1755,54.6,AI_INFERENCE_BATCH,2.74,NORMAL
2026-10-01T12:05:00Z,GPU-16,node-04,NVIDIA H100 PCIe (Simulada),59.9,375.8,69.1,1773,60.3,AI_INFERENCE_BATCH,2.76,NORMAL
2026-10-01T12:06:00Z,GPU-01,node-01,NVIDIA H100 PCIe (Simulada),63.4,344.5,76.2,1777,59.1,AI_INFERENCE_BATCH,3.32,NORMAL
2026-10-01T12:06:00Z,GPU-02,node-01,NVIDIA H100 PCIe (Simulada),63.0,408.5,70.7,1739,61.5,AI_INFERENCE_BATCH,2.6,NORMAL
2026-10-01T12:06:00Z,GPU-03,node-01,NVIDIA H100 PCIe (Simulada),66.0,341.8,75.0,1755,58.7,AI_INFERENCE_BATCH,3.29,NORMAL
2026-10-01T12:06:00Z,GPU-04,node-01,NVIDIA H100 PCIe (Simulada),58.0,380.0,14.0,1950,42.0,IDLE_STALLED,0.55,AHORRO
2026-10-01T12:06:00Z,GPU-05,node-02,NVIDIA H100 PCIe (Simulada),63.5,385.9,71.4,1707,49.0,AI_INFERENCE_BATCH,2.78,NORMAL
2026-10-01T12:06:00Z,GPU-06,node-02,NVIDIA H100 PCIe (Simulada),59.5,384.9,65.3,1732,48.8,AI_INFERENCE_BATCH,2.54,NORMAL
2026-10-01T12:06:00Z,GPU-07,node-02,NVIDIA H100 PCIe (Simulada),89.0,720.0,97.0,2100,95.0,TRAINING_AI_LLM,2.02,PROTECCION
2026-10-01T12:06:00Z,GPU-08,node-02,NVIDIA H100 PCIe (Simulada),63.4,433.0,76.0,1724,59.8,AI_INFERENCE_BATCH,2.63,NORMAL
2026-10-01T12:06:00Z,GPU-09,node-03,NVIDIA H100 PCIe (Simulada),61.2,401.3,80.7,1846,60.6,AI_INFERENCE_BATCH,3.02,NORMAL
2026-10-01T12:06:00Z,GPU-10,node-03,NVIDIA H100 PCIe (Simulada),64.1,368.8,70.7,1751,53.6,AI_INFERENCE_BATCH,2.88,NORMAL
2026-10-01T12:06:00Z,GPU-11,node-03,NVIDIA H100 PCIe (Simulada),55.0,360.0,18.0,1900,42.0,IDLE_STALLED,0.75,AHORRO
2026-10-01T12:06:00Z,GPU-12,node-03,NVIDIA H100 PCIe (Simulada),150.0,10.0,0.0,1200,0.0,ANOMALOUS_SENSOR,0.0,ANOMALIA
2026-10-01T12:06:00Z,GPU-13,node-04,NVIDIA H100 PCIe (Simulada),,-45.0,108.0,1400,50.0,CORRUPTED_STREAM,0.0,ANOMALIA
2026-10-01T12:06:00Z,GPU-14,node-04,NVIDIA H100 PCIe (Simulada),92.5,745.0,99.0,2150,95.0,TRAINING_AI_LLM,1.99,PROTECCION
2026-10-01T12:06:00Z,GPU-15,node-04,NVIDIA H100 PCIe (Simulada),65.5,416.1,67.5,1793,49.4,AI_INFERENCE_BATCH,2.43,NORMAL
2026-10-01T12:06:00Z,GPU-16,node-04,NVIDIA H100 PCIe (Simulada),63.6,394.9,75.9,1729,51.2,AI_INFERENCE_BATCH,2.88,NORMAL
2026-10-01T12:07:00Z,GPU-01,node-01,NVIDIA H100 PCIe (Simulada),59.5,375.5,64.2,1841,55.2,AI_INFERENCE_BATCH,2.56,NORMAL
2026-10-01T12:07:00Z,GPU-02,node-01,NVIDIA H100 PCIe (Simulada),59.4,334.9,76.7,1739,54.4,AI_INFERENCE_BATCH,3.44,NORMAL
2026-10-01T12:07:00Z,GPU-03,node-01,NVIDIA H100 PCIe (Simulada),59.4,390.1,66.4,1773,56.0,AI_INFERENCE_BATCH,2.55,NORMAL
2026-10-01T12:07:00Z,GPU-04,node-01,NVIDIA H100 PCIe (Simulada),58.0,380.0,14.0,1950,42.0,IDLE_STALLED,0.55,AHORRO
2026-10-01T12:07:00Z,GPU-05,node-02,NVIDIA H100 PCIe (Simulada),62.2,357.4,64.8,1808,58.2,AI_INFERENCE_BATCH,2.72,NORMAL
2026-10-01T12:07:00Z,GPU-06,node-02,NVIDIA H100 PCIe (Simulada),61.6,369.4,75.1,1713,57.3,AI_INFERENCE_BATCH,3.05,NORMAL
2026-10-01T12:07:00Z,GPU-07,node-02,NVIDIA H100 PCIe (Simulada),89.0,720.0,97.0,2100,95.0,TRAINING_AI_LLM,2.02,PROTECCION
2026-10-01T12:07:00Z,GPU-08,node-02,NVIDIA H100 PCIe (Simulada),64.5,430.1,66.1,1716,55.9,AI_INFERENCE_BATCH,2.31,NORMAL
2026-10-01T12:07:00Z,GPU-09,node-03,NVIDIA H100 PCIe (Simulada),63.3,388.6,64.7,1756,52.6,AI_INFERENCE_BATCH,2.5,NORMAL
2026-10-01T12:07:00Z,GPU-10,node-03,NVIDIA H100 PCIe (Simulada),63.7,435.6,71.8,1827,58.7,AI_INFERENCE_BATCH,2.47,NORMAL
2026-10-01T12:07:00Z,GPU-11,node-03,NVIDIA H100 PCIe (Simulada),55.0,360.0,18.0,1900,42.0,IDLE_STALLED,0.75,AHORRO
2026-10-01T12:07:00Z,GPU-12,node-03,NVIDIA H100 PCIe (Simulada),150.0,10.0,0.0,1200,0.0,ANOMALOUS_SENSOR,0.0,ANOMALIA
2026-10-01T12:07:00Z,GPU-13,node-04,NVIDIA H100 PCIe (Simulada),,-45.0,108.0,1400,50.0,CORRUPTED_STREAM,0.0,ANOMALIA
2026-10-01T12:07:00Z,GPU-14,node-04,NVIDIA H100 PCIe (Simulada),92.5,745.0,99.0,2150,95.0,TRAINING_AI_LLM,1.99,PROTECCION
2026-10-01T12:07:00Z,GPU-15,node-04,NVIDIA H100 PCIe (Simulada),61.2,431.1,75.8,1705,55.6,AI_INFERENCE_BATCH,2.64,NORMAL
2026-10-01T12:07:00Z,GPU-16,node-04,NVIDIA H100 PCIe (Simulada),60.2,351.9,63.7,1777,48.9,AI_INFERENCE_BATCH,2.72,NORMAL
2026-10-01T12:08:00Z,GPU-01,node-01,NVIDIA H100 PCIe (Simulada),63.0,359.3,74.7,1762,57.7,AI_INFERENCE_BATCH,3.12,NORMAL
2026-10-01T12:08:00Z,GPU-02,node-01,NVIDIA H100 PCIe (Simulada),65.1,366.3,72.8,1757,57.5,AI_INFERENCE_BATCH,2.98,NORMAL
2026-10-01T12:08:00Z,GPU-03,node-01,NVIDIA H100 PCIe (Simulada),59.7,346.9,78.5,1788,52.5,AI_INFERENCE_BATCH,3.39,NORMAL
2026-10-01T12:08:00Z,GPU-04,node-01,NVIDIA H100 PCIe (Simulada),58.0,380.0,14.0,1950,42.0,IDLE_STALLED,0.55,AHORRO
2026-10-01T12:08:00Z,GPU-05,node-02,NVIDIA H100 PCIe (Simulada),60.5,437.0,68.6,1809,56.9,AI_INFERENCE_BATCH,2.35,NORMAL
2026-10-01T12:08:00Z,GPU-06,node-02,NVIDIA H100 PCIe (Simulada),66.3,435.9,75.9,1785,59.1,AI_INFERENCE_BATCH,2.61,NORMAL
2026-10-01T12:08:00Z,GPU-07,node-02,NVIDIA H100 PCIe (Simulada),89.0,720.0,97.0,2100,95.0,TRAINING_AI_LLM,2.02,PROTECCION
2026-10-01T12:08:00Z,GPU-08,node-02,NVIDIA H100 PCIe (Simulada),64.1,377.3,66.5,1768,59.2,AI_INFERENCE_BATCH,2.64,NORMAL
2026-10-01T12:08:00Z,GPU-09,node-03,NVIDIA H100 PCIe (Simulada),62.5,438.3,66.0,1813,51.8,AI_INFERENCE_BATCH,2.26,NORMAL
2026-10-01T12:08:00Z,GPU-10,node-03,NVIDIA H100 PCIe (Simulada),64.5,380.6,67.4,1753,55.5,AI_INFERENCE_BATCH,2.66,NORMAL
2026-10-01T12:08:00Z,GPU-11,node-03,NVIDIA H100 PCIe (Simulada),55.0,360.0,18.0,1900,42.0,IDLE_STALLED,0.75,AHORRO
2026-10-01T12:08:00Z,GPU-12,node-03,NVIDIA H100 PCIe (Simulada),150.0,10.0,0.0,1200,0.0,ANOMALOUS_SENSOR,0.0,ANOMALIA
2026-10-01T12:08:00Z,GPU-13,node-04,NVIDIA H100 PCIe (Simulada),,-45.0,108.0,1400,50.0,CORRUPTED_STREAM,0.0,ANOMALIA
2026-10-01T12:08:00Z,GPU-14,node-04,NVIDIA H100 PCIe (Simulada),92.5,745.0,99.0,2150,95.0,TRAINING_AI_LLM,1.99,PROTECCION
2026-10-01T12:08:00Z,GPU-15,node-04,NVIDIA H100 PCIe (Simulada),60.0,405.1,79.8,1730,59.9,AI_INFERENCE_BATCH,2.95,NORMAL
2026-10-01T12:08:00Z,GPU-16,node-04,NVIDIA H100 PCIe (Simulada),64.0,436.3,71.9,1832,59.4,AI_INFERENCE_BATCH,2.47,NORMAL
2026-10-01T12:09:00Z,GPU-01,node-01,NVIDIA H100 PCIe (Simulada),60.9,385.2,65.2,1759,59.7,AI_INFERENCE_BATCH,2.54,NORMAL
2026-10-01T12:09:00Z,GPU-02,node-01,NVIDIA H100 PCIe (Simulada),61.0,425.4,73.0,1818,58.2,AI_INFERENCE_BATCH,2.57,NORMAL
2026-10-01T12:09:00Z,GPU-03,node-01,NVIDIA H100 PCIe (Simulada),63.4,399.2,73.7,1792,53.4,AI_INFERENCE_BATCH,2.77,NORMAL
2026-10-01T12:09:00Z,GPU-04,node-01,NVIDIA H100 PCIe (Simulada),58.0,380.0,14.0,1950,42.0,IDLE_STALLED,0.55,AHORRO
2026-10-01T12:09:00Z,GPU-05,node-02,NVIDIA H100 PCIe (Simulada),61.2,406.7,62.2,1729,48.4,AI_INFERENCE_BATCH,2.29,NORMAL
2026-10-01T12:09:00Z,GPU-06,node-02,NVIDIA H100 PCIe (Simulada),61.1,382.6,78.3,1745,52.9,AI_INFERENCE_BATCH,3.07,NORMAL
2026-10-01T12:09:00Z,GPU-07,node-02,NVIDIA H100 PCIe (Simulada),89.0,720.0,97.0,2100,95.0,TRAINING_AI_LLM,2.02,PROTECCION
2026-10-01T12:09:00Z,GPU-08,node-02,NVIDIA H100 PCIe (Simulada),61.4,379.4,77.9,1749,58.7,AI_INFERENCE_BATCH,3.08,NORMAL
2026-10-01T12:09:00Z,GPU-09,node-03,NVIDIA H100 PCIe (Simulada),59.2,435.2,65.4,1703,60.7,AI_INFERENCE_BATCH,2.25,NORMAL
2026-10-01T12:09:00Z,GPU-10,node-03,NVIDIA H100 PCIe (Simulada),66.9,420.7,78.5,1727,50.4,AI_INFERENCE_BATCH,2.8,NORMAL
2026-10-01T12:09:00Z,GPU-11,node-03,NVIDIA H100 PCIe (Simulada),55.0,360.0,18.0,1900,42.0,IDLE_STALLED,0.75,AHORRO
2026-10-01T12:09:00Z,GPU-12,node-03,NVIDIA H100 PCIe (Simulada),150.0,10.0,0.0,1200,0.0,ANOMALOUS_SENSOR,0.0,ANOMALIA
2026-10-01T12:09:00Z,GPU-13,node-04,NVIDIA H100 PCIe (Simulada),,-45.0,108.0,1400,50.0,CORRUPTED_STREAM,0.0,ANOMALIA
2026-10-01T12:09:00Z,GPU-14,node-04,NVIDIA H100 PCIe (Simulada),92.5,745.0,99.0,2150,95.0,TRAINING_AI_LLM,1.99,PROTECCION
2026-10-01T12:09:00Z,GPU-15,node-04,NVIDIA H100 PCIe (Simulada),66.9,381.1,62.3,1811,61.1,AI_INFERENCE_BATCH,2.45,NORMAL
2026-10-01T12:09:00Z,GPU-16,node-04,NVIDIA H100 PCIe (Simulada),66.3,437.6,69.4,1824,60.7,AI_INFERENCE_BATCH,2.38,NORMAL
